loan_id,duration,payments,negative_balance,type_0_mean,type_1_min,rem_another_bank,rem_another_bank_mean,rem_another_bank_std,credit_card_withd,credit_ratio,ratio_credit_cash,ratio_withd_cash,ratio_interest,owner_count,owner_gender,unemploymant_delta,withdrawal_mth,ratio_real_salary_to_expected,ratio_max_value_in_account_to_loan,ratio_expected_income_to_payments,status
5314,12,8033,0.0,5025.0,0.0,0.0,0.0,0.0,0.0,1.0,1.0,0.0,0.0,1,0,0.29000000000000004,0.0,6.248704663212435,0.20851487613593925,0.10010788829412008,-1
5316,36,4610,0.0,13523.158823529413,-14.6,8.0,-2682.375,1462.7363728398127,0.0,0.4594594594594595,0.35135135135135137,0.43243243243243246,0.0,1,1,0.52,-3233.5675675675675,-3.483008019792931,0.7261557001687153,0.15128344179320316,1
6863,60,2118,0.0,5009.733333333334,-66.0,3.0,-2824.3333333333335,4431.462324485376,0.0,0.625,0.08333333333333333,0.5833333333333334,0.0,1,1,0.6100000000000003,-1075.9411764705883,-1.555089392133492,0.39022977651872837,0.3301070192005036,1
5325,36,2939,0.0,9254.6,-14.6,2.0,-6994.0,0.0,0.0,0.52,0.08,0.6,0.0,1,0,0.29000000000000004,-1162.3945945945945,2.492583374813341,0.6228356205814525,0.2848190994669389,1
7240,60,4579,0.0,21255.930769230767,-30.0,3.0,-6584.666666666667,5047.773403524898,0.0,0.48148148148148145,0.037037037037037035,0.6296296296296297,0.0,1,1,0.7299999999999995,-2470.7352941176473,6.450189337689334,0.4473069083497125,0.15083351532357864,1
6687,24,3660,0.0,7331.9857142857145,-15200.0,0.0,0.0,0.0,0.0,0.8235294117647058,0.11764705882352941,0.6470588235294118,0.0,2,0,0.48999999999999977,-4741.935483870967,-17.122141361778485,0.7496334244080146,0.19576502732240436,1
7284,12,4399,0.0,4304.038095238096,-14.6,8.0,-1556.5,1123.0317385160072,0.0,0.4883720930232558,0.32558139534883723,0.4883720930232558,0.0,1,1,0.4700000000000002,-387.60692995529064,1.5276971563538733,0.7855781617034174,0.17134576040009092,1
6111,24,7281,0.0,13374.85,-14.6,0.0,0.0,0.0,0.0,0.5,0.34375,0.65625,0.0,1,0,0.6199999999999999,-3012.2892199824714,-3.9932217932217924,0.6044728288238795,0.10290482076637825,-1
7235,48,3217,0.0,11408.987500000001,-30.0,0.0,0.0,0.0,0.0,0.5,0.3125,0.6875,0.0,1,0,0.52,-3553.5754870129867,-12.629779692876255,0.5292424360169931,0.2323075328981453,1
5997,24,4876,0.0,13154.833333333334,-2100.0,0.0,0.0,0.0,0.0,0.6923076923076923,0.07692307692307693,0.6153846153846154,0.0,1,1,0.29000000000000004,-3569.3430656934306,-3.7572921851667487,0.6578582171178562,0.17167418649165983,1
7121,36,609,0.0,7551.738095238095,-14.6,5.0,-6262.0,0.0,0.0,0.4666666666666667,0.26666666666666666,0.6222222222222222,0.0,2,1,0.5500000000000003,-460.8712121212121,4.102637211810265,2.756449553001277,1.196360153256705,1
6077,24,3317,0.0,23558.29090909091,-14.6,0.0,0.0,0.0,0.0,0.41509433962264153,0.018867924528301886,0.7735849056603774,0.0,1,1,0.9699999999999998,-2952.2304883614784,-10.530623483615969,1.5805660235152246,0.20736609385991359,1
6228,60,7742,0.0,16035.558064516128,-30.0,0.0,0.0,0.0,0.0,0.45588235294117646,0.3235294117647059,0.6764705882352942,0.0,1,0,1.5499999999999998,-2766.261812117843,-10.320464419297425,0.2711252475673814,0.09589468698871953,-1
6356,36,2650,0.0,11706.59090909091,-30.0,0.0,0.0,0.0,0.0,0.46808510638297873,0.2765957446808511,0.723404255319149,0.0,1,1,0.5799999999999996,-2437.1690460739783,-12.977912413241594,0.9680796645702306,0.2926729559748428,1
5523,36,2608,0.0,7084.7,-100.0,0.0,0.0,0.0,0.0,0.631578947368421,0.10526315789473684,0.631578947368421,0.0,1,0,0.7299999999999995,-1381.8681318681317,-0.14625620518477633,0.5578796012269939,0.26482617586912066,1
6456,12,3918,0.0,13031.063636363637,-100.0,4.0,-14581.0,0.0,0.0,0.5238095238095238,0.3333333333333333,0.5714285714285714,0.0,1,0,0.52,-2158.0576965426117,-5.966967636887327,2.4013442232431514,0.1780032329419772,1
7104,60,4329,0.0,14443.35,-1300.0,1.0,-12414.0,0.0,0.0,0.5882352941176471,0.058823529411764705,0.5882352941176471,0.0,1,1,0.6299999999999999,-2134.9493087557603,4.139628308616482,0.3065892815892816,0.19044044044044042,1
6820,12,3179,0.0,8067.861111111111,-14.6,4.0,-5887.0,4081.9449612490694,0.0,0.6206896551724138,0.06896551724137931,0.5862068965517241,0.0,1,0,0.14,-2978.8175438596495,-8.526974457114001,1.6337579951766803,0.32874593687742476,1
6876,12,7218,0.0,4879.433333333333,-2200.0,0.0,0.0,0.0,0.0,0.8,0.4,0.6,0.0,1,1,0.13999999999999996,-1703.9999999999998,-2.769361879027229,0.5582467442504849,0.1110880206890182,1
7097,24,3151,0.0,11677.0,-3200.0,0.0,0.0,0.0,0.0,0.6521739130434783,0.2608695652173913,0.7391304347826086,0.0,1,1,0.3599999999999999,-2548.469387755102,-6.029705971506517,1.1868560245424733,0.2617423040304665,-1
4959,24,3373,0.0,10394.786363636364,-14.6,5.0,-7266.0,0.0,0.0,0.4074074074074074,0.037037037037037035,0.6851851851851852,0.0,2,1,0.14,-2033.7510190591606,-10.357084062082015,0.8341931020851864,0.309837928649076,1
6499,24,3373,0.0,10395.177272727273,-14.6,5.0,-7266.0,0.0,0.0,0.4074074074074074,0.037037037037037035,0.6851851851851852,0.0,2,1,0.14,-2030.7764679960337,-10.327014314677951,0.8341931020851864,0.309837928649076,1
5479,12,2043,0.0,20344.677419354837,-14.6,0.0,0.0,0.0,0.0,0.4246575342465753,0.2876712328767123,0.7123287671232876,0.0,1,1,0.14,-2631.66274734729,-7.141273210380217,5.109079784630445,0.511543481807799,1
5170,60,4220,0.0,13560.890476190476,-30.0,0.0,0.0,0.0,0.0,0.5121951219512195,0.3170731707317073,0.6829268292682927,0.0,1,0,0.9700000000000002,-2697.0611303344867,-13.436511966977392,0.41239296998420216,0.16514612954186414,1
6721,24,878,0.0,3012.853846153846,-2600.0,0.0,0.0,0.0,0.0,0.8666666666666667,0.4666666666666667,0.5333333333333333,0.0,1,0,0.2400000000000002,-922.2222222222222,-1.681754232949698,1.588221336370539,0.7701214882308276,1
7259,36,3004,0.0,16822.82608695652,-14.6,6.0,-4736.0,0.0,0.0,0.41818181818181815,0.2727272727272727,0.6181818181818182,0.0,2,0,0.22999999999999998,-1336.68310546875,7.697484964883735,1.145356191744341,0.2342432312472259,1
5285,12,6578,0.0,3975.2083333333335,-14.6,9.0,-1707.888888888889,617.6982362862234,0.0,0.47058823529411764,0.29411764705882354,0.5294117647058824,0.0,1,0,0.6800000000000002,-288.1725681725682,1.8179233544855047,0.5138377926421405,0.11312962399918922,1
5189,48,3105,0.0,9496.58,-14.6,5.0,-4397.0,0.0,0.0,0.37037037037037035,0.037037037037037035,0.7037037037037037,0.0,1,0,0.13999999999999996,-906.9927226027398,0.8337362294741216,0.4189586688137413,0.25823939881910896,1
6650,12,4110,0.0,15663.035294117646,-100.0,10.0,-6131.0,5730.047120225104,0.0,0.3469387755102041,0.24489795918367346,0.5510204081632653,0.0,1,0,0.6199999999999999,-2832.5149700598804,-0.13964814487690472,2.5716342254663425,0.1822992700729927,-1
7226,36,5493,0.0,12363.145454545454,-5700.0,0.0,0.0,0.0,0.0,0.6875,0.4375,0.5625,0.0,2,0,0.48999999999999977,-3412.269938650307,-8.620871661485758,0.3763051965127334,0.13043874021481885,1
6087,60,5011,0.0,14927.625,-14.6,15.0,-2638.6666666666665,2308.9614754772533,0.0,0.36363636363636365,0.22727272727272727,0.5454545454545454,0.0,1,1,0.5800000000000001,-1944.7625160462132,-6.155588918237578,0.44959489123927365,0.15494245992150601,1
7262,36,5073,0.0,7666.089999999999,-8600.0,0.0,0.0,0.0,0.0,0.7692307692307693,0.46153846153846156,0.5384615384615384,0.0,1,1,0.28000000000000025,-2183.098591549296,-3.629313981177006,0.28607880500251875,0.1448682567842828,1
5519,12,7636,0.0,8784.244444444445,-14.6,8.0,-3532.0,0.0,0.0,0.38571428571428573,0.21428571428571427,0.6714285714285714,0.0,2,0,0.9700000000000002,-390.1487097801848,5.793282518883936,0.7047516151562773,0.0912672428845818,1
6577,24,2154,0.0,16546.952272727274,-14.6,0.0,0.0,0.0,5.0,0.43137254901960786,0.30392156862745096,0.6470588235294118,0.0,1,0,0.6900000000000004,-1947.317196969697,-10.296225684181833,2.4052034973692353,0.4129139585267719,1
6509,24,2307,0.0,9204.863829787233,-14.6,0.0,0.0,0.0,0.0,0.47959183673469385,0.2755102040816326,0.7244897959183674,0.0,1,0,0.71,-1638.6357841053975,-13.177067288135364,2.047224028319607,0.34763762462071957,1
6520,24,3800,0.0,10908.277777777777,-14.6,3.0,-10279.0,0.0,0.0,0.5,0.08333333333333333,0.6111111111111112,0.0,2,0,2.0600000000000005,-3495.9805194805194,-18.39261599336269,0.8414133771929824,0.22907894736842105,1
6699,24,319,0.0,7746.088888888889,-14.6,8.0,-3708.0,0.0,0.0,0.4444444444444444,0.1728395061728395,0.7283950617283951,0.0,2,0,0.6599999999999999,-440.5198910081744,3.1219367181751294,9.544030825496343,2.366771159874608,1
6336,36,5900,0.0,13977.941935483872,-30.0,0.0,0.0,0.0,0.0,0.43661971830985913,0.2676056338028169,0.7323943661971831,0.0,1,0,1.1500000000000004,-1369.9695859542408,-5.189954268537287,0.6271902071563089,0.12662429378531073,1
7055,60,2785,0.0,17751.066666666666,-14.6,0.0,0.0,0.0,0.0,0.4177215189873418,0.27848101265822783,0.7215189873417721,0.0,2,0,0.5700000000000001,-2743.897952099965,-18.102706645762563,0.8593997606223819,0.2556552962298025,1
6103,60,2489,0.0,7546.752173913043,-30.0,6.0,-8754.0,0.0,0.0,0.4107142857142857,0.05357142857142857,0.6607142857142857,0.0,1,1,0.9699999999999998,-649.4158878504674,0.8693998166896681,0.3563278425070309,0.27634927012186955,1
6202,12,5432,0.0,17495.916666666668,-14.6,0.0,0.0,0.0,0.0,0.36585365853658536,0.012195121951219513,0.8048780487804879,0.0,1,1,0.26,-1428.2617187500002,-5.121770601336302,1.5710956676485028,0.13776386843397154,1
7066,36,5983,0.0,6116.29,-2600.0,0.0,0.0,0.0,0.0,0.6666666666666666,0.2,0.8,0.0,1,1,2.0600000000000005,-1173.076923076923,0.018713383113153317,0.23565379686890633,0.1454955707838877,-1
6696,60,1484,0.0,3735.122727272727,-14.6,8.0,-7041.0,0.0,0.0,0.5057471264367817,0.20689655172413793,0.7011494252873564,0.0,2,0,1.5499999999999998,-240.3406502135738,0.8009943623060222,0.5228009883198562,0.500280772686433,1
6072,36,5388,0.0,14309.0,-100.0,0.0,0.0,0.0,0.0,0.6896551724137931,0.41379310344827586,0.5862068965517241,0.0,1,1,0.9900000000000002,-3475.465313028765,-11.35853531984286,0.6215834570650829,0.13910541945063104,1
5130,12,2026,0.0,5601.632432432432,-14.6,0.0,0.0,0.0,0.0,0.47435897435897434,0.08974358974358974,0.717948717948718,0.0,1,0,0.41999999999999993,-1228.3776556776559,-18.552882893573532,1.9857642316551498,0.3466189536031589,1
5568,60,4542,0.0,13755.75294117647,-14.6,10.0,-5907.0,0.0,0.0,0.40476190476190477,0.27380952380952384,0.6071428571428571,0.0,2,1,-0.020000000000000018,-2099.6144144144146,-11.319597462058708,0.44727506238074266,0.18574783502128284,1
6678,12,6695,0.0,20306.622727272726,-14.6,0.0,0.0,0.0,0.0,0.4230769230769231,0.057692307692307696,0.75,0.0,2,0,0.14,-2350.06605463502,-4.4804206876768875,1.5250622354991288,0.1560990789146129,1
6998,12,8136,0.0,25763.21,-14.6,12.0,-6223.0,321.69550820612966,0.0,0.3076923076923077,0.015384615384615385,0.6461538461538462,0.0,1,0,0.5599999999999998,-3088.7193849957507,-6.88964125148159,1.228081981317601,0.09324811537200917,1
6580,48,4085,0.0,14476.62,-14.6,0.0,0.0,0.0,0.0,0.425531914893617,0.2765957446808511,0.723404255319149,0.0,1,1,0.8700000000000001,-2149.8322510822513,-2.890197124304267,0.4970287637698898,0.1759281925744594,1
6316,12,6409,0.0,15876.135714285712,-14.6,0.0,0.0,0.0,0.0,0.4117647058823529,0.2549019607843137,0.7450980392156863,0.0,1,0,0.41000000000000014,-1445.6338620142742,-9.221710310606037,1.6383575180735424,0.12681385551568108,-1
6512,48,1319,0.0,2763.92,-14.6,17.0,-1334.5294117647059,944.0997112095112,0.0,0.4268292682926829,0.2804878048780488,0.5121951219512195,0.0,1,0,0.6800000000000002,-108.26262305493808,1.7646595982940603,0.4969500252716705,0.5641900429618397,1
6407,24,1081,0.0,12249.336842105264,-14.6,0.0,0.0,0.0,0.0,0.5135135135135135,0.2972972972972973,0.7027027027027027,0.0,1,0,1.1600000000000006,-1047.0410256410257,3.8750788688564373,3.0895467160037002,0.7579401788467469,1
5002,12,8734,0.0,9470.5,-14.6,8.0,-2152.0,2576.168250938369,0.0,0.4,0.23333333333333334,0.5,0.0,2,1,0.6100000000000003,-767.2992831541218,6.644611528822055,0.5521076635371346,0.08121517441416687,1
6647,48,4340,0.0,12819.854545454546,-30.0,0.0,0.0,0.0,0.0,0.38823529411764707,0.03529411764705882,0.788235294117647,0.0,2,0,0.6800000000000002,-1009.1022964509394,-4.4239356612032985,0.39833861367127493,0.17146697388632873,1
7137,24,6315,0.0,19058.40769230769,-14.6,1.0,-10134.0,0.0,0.0,0.4642857142857143,0.03571428571428571,0.7142857142857143,0.0,1,1,0.6100000000000003,-4656.241096532334,-15.580758550659871,0.6460325943520717,0.1123251517550805,1
6903,24,2172,0.0,6244.838461538462,-0.1,0.0,0.0,0.0,0.0,0.5492957746478874,0.22535211267605634,0.7746478873239436,0.0,1,0,0.13999999999999996,-2249.5629571577847,14.418158970004649,1.1499424493554327,-0.4649740382647842,1
5918,36,8339,0.0,9277.392592592592,-14.6,0.0,0.0,0.0,0.0,0.38028169014084506,0.2112676056338028,0.7887323943661971,0.0,1,1,0.77,-405.6383616383616,5.99400982300065,0.19212502165194334,0.08714074429388016,1
6642,12,6470,0.0,18776.677272727273,-30.0,0.0,0.0,0.0,0.0,0.36666666666666664,0.03333333333333333,0.8,0.0,1,1,0.64,-2104.2713622713627,-6.420840810865343,1.5132599175682637,0.11026532715095311,1
6210,48,1817,0.0,3691.82380952381,-14.6,0.0,0.0,0.0,0.0,0.6363636363636364,0.09090909090909091,0.7272727272727273,0.0,1,1,0.4700000000000002,-1234.619318181818,-5.585061130135757,0.4747982021647404,0.41483214089157955,-1
6279,24,3640,0.0,8544.575,-14.6,0.0,0.0,0.0,0.0,0.5333333333333333,0.2,0.8,0.0,1,1,1.1500000000000004,-1474.961897915169,-9.687697455918313,0.7918337912087913,0.205242673992674,1
7249,48,1445,0.0,6597.1322580645165,-14.6,0.0,0.0,0.0,0.0,0.3974358974358974,0.21794871794871795,0.782051282051282,0.0,1,1,0.52,-235.24255319148935,4.399800158000492,0.7549740484429066,0.482641291810842,1
6736,60,4806,0.0,8081.299999999999,-6000.0,0.0,0.0,0.0,0.0,0.8,0.4,0.6,0.0,1,1,0.14,-2971.96261682243,-2.410047045690137,0.2028568456096546,0.21745387709807185,1
6112,24,7281,1.0,11542.828947368422,-0.2,42.0,-3732.3333333333335,3163.0678891773277,0.0,0.3220338983050847,0.19491525423728814,0.4491525423728814,0.0,1,0,0.5799999999999996,-1697.3711708645337,41.66789264847807,0.5531486059607197,-0.047385201036330135,-1
5319,60,3991,0.0,13387.938888888888,-14.6,8.0,-5475.5,1357.1525864312907,0.0,0.391304347826087,0.021739130434782608,0.6086956521739131,0.0,1,0,0.6299999999999999,-1850.8613138686133,-4.265554769365545,0.3107358222667669,0.2065689467969598,1
6596,24,3816,0.0,18390.37142857143,-14.6,0.0,0.0,0.0,0.0,0.45161290322580644,0.03225806451612903,0.7419354838709677,0.0,1,0,1.8600000000000003,-3347.3033175355454,-7.102578157052596,0.9067020440251572,0.19009870719776378,1
5837,60,4076,0.0,12456.16111111111,-14.6,4.0,-12006.0,0.0,0.0,0.42857142857142855,0.07142857142857142,0.6428571428571429,0.0,1,0,0.5700000000000003,-1924.1441860465115,-5.6066856990598,0.29650188092901536,0.17903581943081454,1
5657,12,415,0.0,5352.515789473684,-14.6,10.0,-1573.9,904.7405337075007,0.0,0.41304347826086957,0.2391304347826087,0.5434782608695652,0.0,1,0,0.7299999999999995,-363.6244260789715,3.5028167265009373,8.25425702811245,1.6642570281124498,1
5533,24,4641,0.0,19164.74909090909,-14.6,28.0,-3812.5,3136.0093005814465,0.0,0.3618421052631579,0.2565789473684211,0.5592105263157895,0.0,1,1,0.13999999999999996,-1578.5780481137235,-7.073222447823936,1.269356460532931,0.17277167277167277,1
6232,36,7685,0.0,3712.366666666667,-14.6,0.0,0.0,0.0,0.0,0.5172413793103449,0.3448275862068966,0.6551724137931034,0.0,1,1,0.29000000000000004,-312.51455868971794,0.6038043124226433,0.11826935588809369,0.09512036434612882,-1
6888,12,3298,0.0,9203.384905660378,-14.6,23.0,-6874.04347826087,2796.8884574609447,0.0,0.4608695652173913,0.1826086956521739,0.6173913043478261,0.0,1,0,0.4200000000000004,-429.99462365591404,2.2279703891900007,2.6143925611481706,0.2342834040832828,1
6066,24,7242,0.0,26907.226923076923,-100.0,0.0,0.0,0.0,0.0,0.3466666666666667,0.013333333333333334,0.8133333333333334,0.0,2,0,1.5499999999999998,-1729.6456546064899,6.499608125626761,0.7733625609868361,0.1025154193132652,1
5549,60,841,0.0,8327.073684210525,-14.6,5.0,-7289.0,0.0,0.0,0.4418604651162791,0.2558139534883721,0.627906976744186,0.0,1,0,0.13999999999999996,-542.2091078066915,4.321677843538381,1.0299524375743163,0.9534284581847008,1
5060,60,4201,0.0,14985.173076923076,-14.6,10.0,-4191.5,3484.3029352288595,0.0,0.4262295081967213,0.3114754098360656,0.5245901639344263,0.0,1,0,1.0300000000000002,-2524.2999405469677,-6.4486384977706095,0.4215647068158375,0.16744029199396968,-1
6004,24,5996,0.0,14003.602127659575,-14.6,32.0,-1743.5,958.5969585974378,0.0,0.3381294964028777,0.22302158273381295,0.5467625899280576,0.0,1,1,0.6200000000000001,-1131.9971003705944,-8.123436382664254,0.9351456526573272,0.11378418945963976,1
5126,48,4336,1.0,11823.668965517241,-14.6,0.0,0.0,0.0,0.0,0.453125,0.265625,0.734375,0.0,1,1,0.3599999999999999,-1917.9555138684175,-19.693741603423987,0.46156211562115623,0.1902098708487085,-1
7220,36,3647,0.0,11868.186206896553,-30.0,10.0,-7312.0,0.0,0.0,0.3493975903614458,0.024096385542168676,0.6867469879518072,0.0,1,1,0.14,-778.558934517203,0.8024252942216814,0.5353593516741308,0.286559729458002,1
6668,36,2076,0.0,11194.334615384616,-14.6,8.0,-6184.0,0.0,0.0,0.3880597014925373,0.208955223880597,0.6716417910447762,0.0,1,1,0.6100000000000003,-472.783421969558,7.017375594549932,0.8307107685720403,0.33678548490687216,1
5395,36,8308,0.0,17668.68043478261,-14.6,24.0,-3110.0,2068.5533697437595,0.0,0.36507936507936506,0.2619047619047619,0.5476190476190477,0.0,1,0,0.7800000000000002,-1490.6429992044548,-4.661849747136292,0.6483372786604611,0.08134729577916867,-1
6836,60,3155,0.0,6502.74761904762,-14.6,18.0,-1964.0,671.9314565883496,0.0,0.4117647058823529,0.1568627450980392,0.6666666666666666,0.0,1,1,0.5700000000000003,-300.9242130750605,3.234017520677337,0.3224685684099313,0.23129952456418384,1
6064,12,1219,0.0,7799.868965517242,-2.0,33.0,-1616.4242424242425,2148.3256711667204,0.0,0.28431372549019607,0.1568627450980392,0.5196078431372549,0.0,1,0,0.5500000000000003,-197.02688227417858,7.108879923967517,3.567452830188679,0.5976893628657369,1
6919,36,3358,0.0,13123.877777777778,-30.0,12.0,-3225.0,0.0,0.0,0.375,0.21875,0.65625,0.0,1,0,0.14,-1211.6863479262672,-6.61127805559669,0.9634405400039706,0.31122195751439347,1
6841,48,3585,0.0,10713.956,-14.6,0.0,0.0,0.0,0.0,0.5952380952380952,0.2857142857142857,0.7142857142857143,0.0,1,0,-0.020000000000000018,-3701.2727272727275,-16.255761359146582,0.6923454207345421,0.23533240353324034,1
6038,48,6739,0.0,13879.189285714285,-14.6,5.0,-3008.0,0.0,0.0,0.49122807017543857,0.3333333333333333,0.5789473684210527,0.0,1,0,0.14,-2080.597879518072,-14.259546812170369,0.3707711950338824,0.15507988326655783,1
6729,12,6224,0.0,13496.94693877551,-14.6,12.0,-13711.0,0.0,0.0,0.4375,0.008928571428571428,0.7410714285714286,0.0,2,0,0.8700000000000001,-1251.764659650082,-10.017015910165833,1.4045415595544128,0.11546700942587831,1
7198,12,3814,0.0,4701.254545454545,-1000.0,0.0,0.0,0.0,0.0,0.8148148148148148,0.37037037037037035,0.6296296296296297,0.0,1,0,0.9900000000000002,-1072.992700729927,-6.802862514403542,1.7114031637825555,0.19651284740429995,1
6686,36,6239,0.0,20475.04411764706,-14.6,0.0,0.0,0.0,0.0,0.3655913978494624,0.010752688172043012,0.8064516129032258,0.0,2,1,0.6800000000000002,-1129.984174694926,1.2447720879169155,0.4860928567612331,0.11927659347117593,1
5836,24,3318,0.0,24446.25,-9516.0,1.0,-9516.0,0.0,0.0,0.625,0.0625,0.5625,0.0,1,0,0.6100000000000003,-5486.382978723404,-1.8887453007518795,1.4990644464536869,0.21378340365682139,1
7061,24,5079,0.0,16312.041025641025,-14.6,0.0,0.0,0.0,0.0,0.41935483870967744,0.25806451612903225,0.7419354838709677,0.0,1,1,0.5500000000000003,-1495.854778790949,-10.871517406984808,1.094825917175297,0.14345015422983529,1
5595,12,6908,0.0,20655.870588235295,-14.6,33.0,-3292.0,4612.997148004754,2.0,0.2698412698412698,0.031746031746031744,0.5714285714285714,0.0,2,1,0.3699999999999999,-1044.3750437434385,5.667024686292474,1.2989878884385253,0.09901563404748118,1
5723,12,1969,0.0,11783.88163265306,-14.6,12.0,-9503.0,0.0,0.0,0.44545454545454544,0.2818181818181818,0.6090909090909091,0.0,1,1,1.1500000000000004,-1009.3469463638334,-8.860962885953159,5.934852717115287,0.37942271880819367,1
6120,48,4358,0.0,19731.792307692307,-14.6,0.0,0.0,0.0,0.0,0.38235294117647056,0.014705882352941176,0.7941176470588235,0.0,1,1,0.14,-1827.8825548526045,-3.9151043686021594,0.5286436821171792,0.23980801590943857,1
6895,12,3492,0.0,7938.838095238095,-14.6,30.0,-3694.5,975.9028975862514,0.0,0.4405594405594406,0.18181818181818182,0.6083916083916084,0.0,1,1,1.12,-1051.012045037968,-15.548594686086346,3.0814003436426116,0.242864642993509,1
5882,12,7318,0.0,4840.648780487805,-14.6,11.0,-5005.0,0.0,0.0,0.4880952380952381,0.32142857142857145,0.5476190476190477,0.0,2,1,0.14,-267.93189368770766,0.5640341924658423,0.49469572743008106,0.14280996629315842,1
5754,12,1921,0.0,6742.349999999999,-14.6,61.0,-1710.8524590163934,1429.804471901264,0.0,0.2807017543859649,0.1695906432748538,0.47368421052631576,0.0,2,0,0.3599999999999999,-116.65454401707711,5.26602592064114,2.356489675516224,0.4293336803748048,1
6594,24,7904,0.0,4500.0,0.0,0.0,0.0,0.0,0.0,1.0,1.0,0.0,0.0,1,0,1.0300000000000002,0.0,6.397346285985074,0.11861082995951416,0.08899502361673414,-1
6738,36,6395,1.0,7839.626315789474,-6.8,19.0,-4943.9473684210525,4277.81673901905,0.0,0.4634146341463415,0.21951219512195122,0.5487804878048781,0.0,1,0,0.6900000000000004,-1521.5892857142858,59.65310897833316,0.5681565459126053,-0.027237884989805144,-1
6624,12,5955,0.0,13133.975,-14.6,4.0,-7268.0,0.0,0.0,0.46511627906976744,0.27906976744186046,0.627906976744186,0.0,2,1,0.5500000000000003,-1289.792526491913,-1.210253397523212,1.1551777218024069,0.1223481668066051,1
6216,24,5885,0.0,18498.09259259259,-14.6,34.0,-2432.8823529411766,988.1777770589074,0.0,0.2647058823529412,0.0196078431372549,0.5196078431372549,0.0,1,1,0.6200000000000001,-1437.838144329897,-0.14356527285805468,0.7631273010478619,0.1159303313508921,1
6229,24,489,0.0,11518.78888888889,-14.6,38.0,-3034.2631578947367,1544.8146164334787,0.0,0.2706766917293233,0.14285714285714285,0.5714285714285714,0.0,1,1,0.14,-227.0921977507029,7.197479826307171,6.035003408316292,2.1371847307430127,1
5887,36,5354,0.0,9241.760606060607,-14.6,0.0,0.0,0.0,0.0,0.4342105263157895,0.25,0.75,0.0,2,0,1.0300000000000002,-886.188130517024,-7.354910058547068,0.6304118416137467,0.13138152160378533,1
6808,36,6330,0.0,8119.228888888889,-14.6,0.0,0.0,0.0,0.0,0.5421686746987951,0.25301204819277107,0.7469879518072289,0.0,2,0,0.71,-1168.945462478185,-8.435590191188695,0.6723437774267159,0.12669826224328595,1
6297,12,1459,0.0,6398.487096774194,-14.6,0.0,0.0,0.0,0.0,0.4305555555555556,0.2361111111111111,0.7638888888888888,0.0,1,1,0.47999999999999954,-244.43252032520326,3.7450298723730566,3.1089958875942427,0.5,1
5161,24,4091,0.0,9059.654545454545,-1400.0,0.0,0.0,0.0,0.0,0.7857142857142857,0.07142857142857142,0.6428571428571429,0.0,1,0,-0.020000000000000462,-2765.765765765766,-1.6760853807622835,0.7023150411472339,0.17116841847958933,1
5390,24,7094,0.0,11986.912903225806,-14.6,10.0,-5922.0,0.0,0.0,0.4025974025974026,0.23376623376623376,0.6363636363636364,0.0,1,0,0.41999999999999993,-477.908676242236,6.906576487018034,0.46911591955643267,0.09899210600507471,1
6150,12,6918,0.0,20124.31791044776,-14.6,36.0,-3450.0,2917.810549024731,0.0,0.34183673469387754,0.23469387755102042,0.5816326530612245,0.0,1,1,0.77,-911.4357067510548,1.2707417727874366,1.6434976390093476,0.10503999229064276,1
6223,48,1272,0.0,8584.58695652174,-14.6,12.0,-3106.5,1178.67980847603,0.0,0.359375,0.1875,0.625,0.0,1,0,0.77,-345.6530540521544,6.311743070621771,0.9141771488469602,0.5712788259958071,1
5032,48,2577,0.0,12984.854545454546,-14.6,12.0,-2963.5,324.30667304546506,0.0,0.36065573770491804,0.19672131147540983,0.6065573770491803,0.0,1,1,0.29000000000000004,-2019.121031746032,-13.172778399590987,0.7261528262837925,0.283663174233605,1
6253,24,2490,0.0,11115.263636363636,-14.6,5.0,-7847.0,0.0,0.0,0.4074074074074074,0.2222222222222222,0.6851851851851852,0.0,2,1,0.6900000000000004,-611.1856971153846,5.350622002844901,1.1653798527443107,0.3571954484605087,1
6460,36,1352,0.0,2590.1029411764707,-14.6,36.0,-724.5,1147.1039932929234,0.0,0.35051546391752575,0.21649484536082475,0.41237113402061853,0.0,2,0,0.5500000000000003,-74.53057946069995,2.139901533071195,0.6879602235371467,0.5388929980276135,1
6645,36,3900,0.0,11883.85,-14.6,0.0,0.0,0.0,0.0,0.4888888888888889,0.2,0.8,0.0,1,1,0.6900000000000004,-775.8640195208518,1.9629646527808906,0.8190897435897436,0.22805555555555554,1
5176,24,8023,0.0,6090.784615384615,-30.0,0.0,0.0,0.0,0.0,0.5098039215686274,0.23529411764705882,0.7647058823529411,0.0,1,0,0.9900000000000002,-999.790019762846,-12.036226523183046,0.25740059827994516,0.0887760189455316,-1
5269,36,4557,1.0,14078.810714285715,-0.4,0.0,0.0,0.0,0.0,0.4307692307692308,0.24615384615384617,0.7538461538461538,0.0,1,0,0.6800000000000002,-1849.105799922149,41.6983648626987,0.6829883207763392,-0.04605739310350466,-1
5351,36,5700,0.0,17320.669444444444,-30.0,39.0,-4419.0,2945.936996860877,0.0,0.27906976744186046,0.015503875968992248,0.5503875968992248,0.0,1,0,0.14,-1307.3832544534946,-5.985942343545407,0.4577412280701754,0.18334795321637426,1
5861,24,2142,0.0,14636.95806451613,-14.6,0.0,0.0,0.0,0.0,0.484375,0.296875,0.703125,0.0,1,1,0.7800000000000002,-2560.9697424356086,-24.968293492574773,2.6666511048863994,0.34403205726735137,1
5450,60,3328,0.0,10072.949999999999,-14.6,9.0,-3612.0,0.0,0.0,0.3783783783783784,0.02702702702702703,0.6756756756756757,0.0,1,1,0.9700000000000002,-1084.8975381414702,-6.925231888761724,0.31169270833333335,0.20941005608974358,1
7142,60,8049,0.0,4877.926785714286,-14.6,34.0,-2654.235294117647,1659.9923340243495,0.0,0.4307692307692308,0.2,0.5384615384615384,0.0,1,0,0.14,-216.49209586945435,1.3737684025739207,0.11949144821302853,0.12984014577380212,-1
6306,12,3057,0.0,6311.736,-14.6,0.0,0.0,0.0,0.0,0.4,0.24,0.76,0.0,1,0,1.12,-177.8089381933439,3.0325101699911565,1.384096608875804,0.27742339984734493,1
6272,60,6644,0.0,21806.935294117648,-30.0,0.0,0.0,0.0,0.0,0.3953488372093023,0.011627906976744186,0.7906976744186046,0.0,1,0,0.6900000000000004,-1878.5259650735295,-11.5280515429258,0.3052616395745535,0.13386765001003412,1
5044,60,1683,0.0,7692.8,-14.6,9.0,-4739.0,0.0,0.0,0.38571428571428573,0.21428571428571427,0.6571428571428571,0.0,1,1,0.3599999999999999,-290.9715493808517,4.799836455021607,0.5285868488809665,0.4900475341651812,1
5576,12,2604,0.0,16817.427450980394,-14.6,0.0,0.0,0.0,0.0,0.425,0.275,0.725,0.0,1,0,0.14,-1346.2308671268336,-8.38302434360524,4.631185995903738,0.40133768561187916,1
7192,36,3222,0.0,8683.641304347826,-30.0,32.0,-4114.0,3990.8519908539865,0.0,0.36220472440944884,0.2047244094488189,0.5433070866141733,0.0,1,1,0.6800000000000002,-976.7529289633695,-15.150741604663413,0.9284433409200634,0.23096420442789156,1
5739,12,6365,0.0,4596.96,-14.6,12.0,-1905.3333333333333,383.4601634716401,0.0,0.4444444444444444,0.26666666666666666,0.4666666666666667,0.0,1,0,0.14,-335.5239024390244,1.7660448130133166,0.5459976433621367,0.1641921969101859,1
6526,36,8013,0.0,6845.75,-10700.0,0.0,0.0,0.0,0.0,0.8235294117647058,0.35294117647058826,0.6470588235294118,0.0,1,0,0.7299999999999995,-3700.787401574803,-12.77159749034749,0.24938364047312006,0.08619326927076833,1
5624,48,3703,1.0,9073.402777777777,-3.3,0.0,0.0,0.0,0.0,0.37894736842105264,0.25263157894736843,0.7473684210526316,0.0,1,1,0.22999999999999998,-1409.7978829389788,28.27513462402104,0.5048468584030966,-0.14792258021187035,-1
6244,36,7518,0.0,13666.849999999999,-30.0,0.0,0.0,0.0,0.0,0.5,0.2222222222222222,0.7777777777777778,0.0,1,1,0.14,-1197.0955483170467,1.3554634133375851,0.4969606278265496,0.13901081848009222,-1
5131,24,2026,0.0,15032.102040816326,-14.6,12.0,-4514.0,0.0,0.0,0.4188034188034188,0.27350427350427353,0.6239316239316239,0.0,1,1,0.5800000000000001,-1092.151070426694,-5.068053943021053,2.7596948009213556,0.3832263902599539,1
6960,24,3184,0.0,8867.943859649122,-14.6,36.0,-7342.0,3301.1725189695862,0.0,0.37254901960784315,0.08496732026143791,0.5359477124183006,0.0,2,1,0.14,-513.1353857006097,-2.4638946573394214,0.8439868613902848,0.3282296901172529,1
6358,60,2298,0.0,7317.181578947369,-30.0,0.0,0.0,0.0,0.0,0.42696629213483145,0.07865168539325842,0.7415730337078652,0.0,1,1,0.9900000000000002,-793.3249158249158,-7.384499075938981,0.3819147084421236,0.32615317667536986,-1
5418,48,7249,0.0,16705.18,-14.6,0.0,0.0,0.0,0.0,0.4166666666666667,0.25833333333333336,0.7416666666666667,0.0,1,0,0.7800000000000002,-980.843053239617,-6.480085309439255,0.35353497034073667,0.10165769991263163,1
6598,12,5676,0.0,20195.84054054054,-14.6,41.0,-2988.951219512195,3585.2227751648816,0.0,0.25170068027210885,0.013605442176870748,0.5850340136054422,0.0,1,0,0.18999999999999995,-1153.0946301397057,-0.34154176240474815,1.638313366220343,0.13018264035705895,1
5464,12,7984,0.0,18972.2875,-14.6,0.0,0.0,0.0,0.0,0.4444444444444444,0.3,0.7,0.0,1,1,0.78,-1885.3960170264518,-10.171512628301235,1.2780999498997996,0.09837383099532397,1
6591,48,434,0.0,4204.593617021276,-14.6,52.0,-1425.75,468.7224135673396,0.0,0.31125827814569534,0.19205298013245034,0.46357615894039733,0.0,1,1,1.1500000000000004,-94.27101398601398,3.3146124179957877,2.0160282258064517,1.7213901689708142,1
5724,60,5269,0.0,4591.911666666667,-14.6,0.0,0.0,0.0,0.0,0.4316546762589928,0.2733812949640288,0.7266187050359713,0.0,1,1,0.14,-146.06230887558613,1.2119222721624971,0.12531220345416585,0.1983456696400329,-1
6315,12,3597,0.0,19429.61153846154,-14.6,0.0,0.0,0.0,0.0,0.37681159420289856,0.028985507246376812,0.7971014492753623,0.0,1,0,0.9800000000000004,-2472.2936639118457,-14.275210067898968,2.7817486794551014,0.20419794273005282,1
5876,48,4610,0.0,17512.224,-30.0,7.0,-7802.0,0.0,0.0,0.352112676056338,0.014084507042253521,0.7183098591549296,0.0,2,1,0.6900000000000004,-1386.7403598971723,-0.5275097910615587,0.47968546637744036,0.19293203181489516,1
6986,48,3161,1.0,8910.70357142857,-0.8,0.0,0.0,0.0,0.0,0.49122807017543857,0.2807017543859649,0.7192982456140351,0.0,1,1,0.6900000000000004,-2112.103057459146,9.032399561469155,0.5456118844247602,-0.400490790537453,-1
6294,60,1332,0.0,13163.365517241378,-14.6,20.0,-3285.0,2769.115572277831,0.0,0.30526315789473685,0.15789473684210525,0.631578947368421,0.0,1,1,0.44999999999999973,-359.5998358300841,8.736376684695061,0.9284221721721722,0.6748623623623623,1
5132,60,8975,0.0,11733.345454545455,-14.6,7.0,-4605.0,0.0,0.0,0.3793103448275862,0.20689655172413793,0.6724137931034483,0.0,1,1,0.5799999999999996,-582.4965277777778,6.716730645880748,0.12957455896007428,0.08641597028783658,1
5877,24,4051,0.0,5482.85238095238,-14.6,26.0,-3612.5,105.54970393137064,0.0,0.375,0.23214285714285715,0.5357142857142857,0.0,2,0,0.2400000000000002,-170.13736884584344,3.6550470086974887,0.44631983872294906,0.16691351929564716,1
6227,24,1177,0.0,10476.673684210526,-14.6,0.0,0.0,0.0,0.0,0.40425531914893614,0.2127659574468085,0.7872340425531915,0.0,1,0,0.30000000000000004,-350.45947678892026,4.994518010269959,2.4742636646842255,0.6753044463324838,1
7241,24,7041,1.0,12442.474324324325,-2.5,0.0,0.0,0.0,0.0,0.4625,0.225,0.775,0.0,1,1,0.14,-1015.6338744442946,17.532545237106778,0.7148984519244426,-0.0681539686157159,-1
6737,24,3195,0.0,13581.835849056604,-14.6,26.0,-6326.5,860.2045919431029,0.0,0.3706293706293706,0.013986013986013986,0.6853146853146853,0.0,2,1,0.6299999999999999,-1032.9260796598792,-6.286854864770485,1.3651030255607721,0.25803338549817423,1
7004,60,5526,0.0,11490.66,-14.6,28.0,-4192.5,1725.5943366894824,0.0,0.33613445378151263,0.18487394957983194,0.5798319327731093,0.0,2,1,0.18000000000000016,-273.759826198763,8.858725249347893,0.2169278561949572,0.12828748944384122,1
6169,60,1728,0.0,5169.697727272727,-14.6,0.0,0.0,0.0,0.0,0.4036697247706422,0.22935779816513763,0.7706422018348624,0.0,1,1,0.5299999999999998,-150.71752419765664,3.0547232810108347,0.4486892361111111,0.4045138888888889,-1
5208,48,2077,1.0,14426.435555555556,-0.4,0.0,0.0,0.0,0.0,0.4166666666666667,0.28703703703703703,0.7129629629629629,0.0,1,0,-0.020000000000000462,-1197.1703278919222,-73.06895284960252,1.2807424570694912,0.07379447807047718,-1
6694,24,5616,0.0,8822.476666666666,-14.6,0.0,0.0,0.0,0.0,0.5454545454545454,0.23636363636363636,0.7636363636363637,0.0,1,0,1.12,-2602.6702898550725,-19.058455084141137,0.8371854226020893,0.15101198955365622,1
5599,12,1285,0.0,4776.766037735849,-14.6,34.0,-3084.5,1654.005134468598,0.0,0.3509933774834437,0.2119205298013245,0.5629139072847682,0.0,1,0,0.14,-101.56711440198268,2.4099422957005987,2.6677950713359273,0.8132944228274966,1
6546,24,1322,0.0,7781.153658536585,-14.6,14.0,-6020.0,0.0,0.0,0.3504273504273504,0.19658119658119658,0.6837606837606838,0.0,2,1,0.14,-198.91428836174944,3.8418401711705243,1.768872919818457,0.7905320221886031,1
5414,48,3874,0.0,12500.505000000001,-1800.0,1.0,-4625.0,0.0,0.0,0.5882352941176471,0.29411764705882354,0.6764705882352942,0.0,1,1,1.25,-957.8571428571429,0.654003986710964,0.781482318017553,0.20811822405782138,1
5453,36,4352,0.0,3672.6189189189186,-14.6,8.0,-4613.0,0.0,0.0,0.49333333333333335,0.32,0.5733333333333334,0.0,1,0,0.3899999999999997,-222.26723684210526,0.9900708787863837,0.26729026245915033,0.16456035539215685,1
5740,12,1547,0.0,8607.3,-300.0,0.0,0.0,0.0,0.0,0.6923076923076923,0.38461538461538464,0.6153846153846154,0.0,1,0,0.14,-2003.90625,0.05482816362331483,3.0434389140271496,0.6755548373195431,1
5804,48,3312,0.0,13041.75,-14.6,42.0,-1849.3333333333333,2261.704652460031,0.0,0.3333333333333333,0.23076923076923078,0.5,0.0,1,1,0.9700000000000002,-1230.3808575492787,-11.770167844578564,0.8195777979066022,0.2104216988727858,1
6745,24,1971,0.0,15647.294736842105,-14.6,14.0,-8151.0,0.0,0.0,0.4550898203592814,0.25149700598802394,0.6646706586826348,0.0,1,1,0.71,-1554.323077192491,-13.824267070908652,3.1306654828344325,0.40690005073566715,1
6950,24,4363,0.0,16041.951388888889,-14.6,22.0,-4146.0,0.0,0.0,0.3769633507853403,0.2617801047120419,0.6230366492146597,0.0,1,1,0.6900000000000004,-869.3234056453991,-4.476489520633531,1.4096111238444498,0.20385438154175262,1
6996,24,5275,0.0,17293.55652173913,-14.6,0.0,0.0,0.0,0.0,0.3484848484848485,0.007575757575757576,0.8181818181818182,0.0,1,1,0.30000000000000004,-788.4459264459264,-1.1569021335648195,0.7428380726698263,0.15067930489731438,1
5352,12,5700,0.0,6971.8,-2200.0,0.0,0.0,0.0,0.0,0.6428571428571429,0.2857142857142857,0.7142857142857143,0.0,1,0,0.6299999999999999,-1394.0119760479042,-0.9560699484483977,0.7491549707602339,0.1446345029239766,-1
6151,60,3757,0.0,7056.204545454545,-14.6,0.0,0.0,0.0,0.0,0.43137254901960786,0.2549019607843137,0.7450980392156863,0.0,1,0,0.9800000000000004,-407.27122015915114,3.8401413965954703,0.23632153313814214,0.19550173010380623,1
5310,36,6893,0.0,9398.816216216217,-14.6,33.0,-2059.0,1037.9124782466006,0.0,0.30833333333333335,0.18333333333333332,0.5416666666666666,0.0,1,0,0.3899999999999997,-220.35085870320245,7.964999048581601,0.27195866982607153,0.10389767396876057,1
5045,24,7801,1.0,13214.305263157894,-0.2,0.0,0.0,0.0,0.0,0.4318181818181818,0.23863636363636365,0.7613636363636364,0.0,1,1,0.14,-1072.6479166666666,-8.701393796754063,0.494441417766953,0.06350612245369326,-1
6929,12,3033,0.0,16954.94107142857,-30.0,19.0,-5119.0,0.0,0.0,0.35443037974683544,0.21518987341772153,0.6645569620253164,0.0,1,1,1.1499999999999995,-588.9669622699975,5.422459097129348,3.458827893175074,0.22994285086273217,1
5151,60,3151,0.0,21569.60714285714,-100.0,3.0,-5940.0,0.0,0.0,0.4666666666666667,0.03333333333333333,0.6333333333333333,0.0,1,0,0.41000000000000014,-3662.6108374384235,-3.9545487835244844,0.5384195493494129,0.2579339892097747,1
5212,36,1974,0.0,7801.575862068966,-14.6,18.0,-3314.0,2197.9258671863936,0.0,0.3372093023255814,0.19767441860465115,0.5930232558139535,0.0,1,0,1.1500000000000004,-254.47146401985108,5.8670507913918115,0.7792032534053811,0.3784616683552854,1
5138,48,1817,0.0,5670.470731707317,-14.6,47.0,-1450.531914893617,1053.7977871172486,0.0,0.27702702702702703,0.14864864864864866,0.5337837837837838,0.0,1,0,0.14,-93.62210219686854,3.5864096004448927,0.5020558154467071,0.5751696936341956,1
5713,60,2646,0.0,7197.82909090909,-14.6,51.0,-3668.0,3677.780265323093,0.0,0.3313253012048193,0.07228915662650602,0.4879518072289157,0.0,1,1,0.6599999999999999,-480.9276448787062,-4.735033317051561,0.37728898966994207,0.2853363567649282,1
6704,60,6951,0.0,10538.953658536584,-14.6,8.0,-3095.0,2055.7734727903685,0.0,0.5540540540540541,0.2972972972972973,0.5945945945945946,0.0,2,0,0.7800000000000002,-572.040404040404,-0.13705465106628678,0.3057320289646574,0.10601592097060375,1
6474,60,1056,0.0,4125.163265306122,-14.6,16.0,-5394.0,0.0,0.0,0.4117647058823529,0.24369747899159663,0.6218487394957983,0.0,2,1,0.3699999999999999,-118.56085982982535,2.3446914906313405,0.6428945707070708,0.6477272727272727,1
6676,24,1241,0.0,6735.577777777778,-3300.0,0.0,0.0,0.0,0.0,0.75,0.5,0.5,0.0,2,0,0.44999999999999973,-1816.0,-0.9245449769784624,1.652575208165458,0.7243486435670158,1
6965,24,5814,0.0,18070.40597014925,-14.6,17.0,-10721.0,0.0,0.0,0.40606060606060607,0.2909090909090909,0.6060606060606061,0.0,1,0,0.9800000000000004,-1274.3409417450366,-8.709244535541798,1.0860774280472423,0.1263329893360853,1
6725,36,7370,0.0,6441.2328125,-14.6,17.0,-3835.0,0.0,0.0,0.43243243243243246,0.16216216216216217,0.722972972972973,0.0,2,0,0.4600000000000004,-209.3693623639191,2.744993999531672,0.23365483190110056,0.09657394843962008,1
7166,24,8260,0.0,7095.2,-2000.0,1.0,-7303.0,0.0,0.0,0.6875,0.4375,0.5,0.0,1,1,1.1600000000000006,-1601.3625000000002,-1.7641171684296182,0.26204196933010493,0.09919289749798225,1
7138,60,1000,0.0,3840.34375,-14.6,34.0,-2455.0,512.5944111117778,0.0,0.35036496350364965,0.19708029197080293,0.5547445255474452,0.0,1,1,0.6100000000000003,-85.78508247669137,2.8016080205166665,0.6565650000000001,0.6991666666666666,1
5970,48,9689,0.0,12116.376315789474,-14.6,0.0,0.0,0.0,0.0,0.36893203883495146,0.20388349514563106,0.7961165048543689,0.0,2,1,0.6100000000000003,-361.10035546708366,7.9011276863718,0.1710651253999381,0.0732101696081467,1
6157,24,4108,0.0,12494.761538461538,-100.0,2.0,-10530.0,0.0,0.0,0.5,0.038461538461538464,0.6538461538461539,0.0,1,0,-0.020000000000000018,-1495.081967213115,4.00011245175212,0.798378164556962,0.20537163258682245,1
6153,60,4760,0.0,11216.012499999999,-30.0,0.0,0.0,0.0,0.0,0.4897959183673469,0.3469387755102041,0.6530612244897959,0.0,2,0,0.5799999999999996,-2622.86470143613,-13.945698066483496,0.4414464285714286,0.16293767507002802,1
5693,24,1837,0.0,7533.605882352941,-14.6,3.0,-3373.0,0.0,0.0,0.53125,0.3125,0.59375,0.0,1,0,0.5800000000000001,-709.3457627118644,2.634119630097235,1.2605879150789332,0.4036926147704591,1
5922,12,1685,0.0,11452.434782608696,-14.6,5.0,-8723.0,0.0,0.0,0.45098039215686275,0.27450980392156865,0.6274509803921569,0.0,1,0,0.5800000000000001,-725.0185339441899,4.265274135763737,6.07847181008902,0.440108803165183,1
5959,24,4485,0.0,19481.75833333333,-14.6,2.0,-2720.5,1215.5165568596751,0.0,0.5217391304347826,0.043478260869565216,0.6086956521739131,0.0,1,0,0.18000000000000016,-2566.6165566277296,5.878847366340017,1.001335005574136,0.15806391675956893,1
5980,12,1783,0.0,5691.885294117647,-14.6,0.0,0.0,0.0,0.0,0.4358974358974359,0.0641025641025641,0.7435897435897436,0.0,2,1,0.4700000000000002,-830.958133971292,-8.617579662745783,2.1896102075154236,0.4227425687044307,1
6764,48,708,0.0,5087.997222222222,-14.6,0.0,0.0,0.0,0.0,0.5142857142857142,0.2,0.8,0.0,1,1,0.71,-333.4721910562591,1.2575071716134494,1.6206891478342749,1.1327683615819208,1
5237,24,1889,0.0,10959.40303030303,-14.6,12.0,-5930.0,0.0,0.0,0.36666666666666664,0.2,0.6666666666666666,0.0,1,1,0.8500000000000001,-346.37886126358836,7.588803987202866,1.5768043056290806,0.37065466737250746,1
6726,60,1431,0.0,3868.0851063829787,-14.6,9.0,-4403.0,0.0,0.0,0.4895833333333333,0.19791666666666666,0.7083333333333334,0.0,1,0,0.18000000000000016,-202.3291822529476,1.3559974440093547,0.5207721872816212,0.4953994875378523,1
6933,48,3931,0.0,10950.116666666667,-14.6,1.0,-6803.0,0.0,0.0,0.5454545454545454,0.09090909090909091,0.6363636363636364,0.0,1,0,0.71,-4191.792857142857,-14.222084669279184,0.37763768761129485,0.20401933350292548,1
5145,48,6449,0.0,20681.70625,-14.6,4.0,-14291.0,0.0,0.0,0.45714285714285713,0.02857142857142857,0.6285714285714286,0.0,1,1,0.9900000000000002,-1828.6162917667614,7.994425669744741,0.39319145087093604,0.1162195689254148,1
7008,12,3014,0.0,9289.213333333335,-14.6,8.0,-4611.25,2266.1003476709247,0.0,0.4166666666666667,0.05555555555555555,0.5277777777777778,0.0,1,1,0.14,-1253.0138613861384,0.8154883980543832,1.7622760451227604,0.34674297721742975,1
7227,60,5242,0.0,18056.9125,-30.0,12.0,-10472.0,0.0,0.0,0.4307692307692308,0.3076923076923077,0.6,0.0,1,0,0.9699999999999998,-1729.3474517906338,-14.310481786608515,0.4073489762177286,0.13121582093348597,1
6600,36,607,0.0,8711.658333333333,-14.6,1.0,-26.0,0.0,0.0,0.6666666666666666,0.3888888888888889,0.5555555555555556,0.0,1,1,1.25,-1823.686390532544,-1.937085271317829,2.7852462017206663,1.3282537067545306,1
6712,60,4437,0.0,7942.118867924528,-14.6,39.0,-2616.3333333333335,1610.7385415152908,0.0,0.3680555555555556,0.14583333333333334,0.5833333333333334,0.0,1,0,0.9900000000000002,-241.74068460275362,5.245111907106515,0.2507114416647885,0.16052512959206672,1
7057,36,6436,0.0,20382.055882352943,-30.0,35.0,-3409.657142857143,2870.6672717112224,0.0,0.2698412698412698,0.023809523809523808,0.5714285714285714,0.0,2,1,0.14,-1213.6034052175087,1.0776319460028436,0.4686110247911056,0.1623808783923762,1
7176,36,7223,0.0,22177.26170212766,-14.6,35.0,-6984.714285714285,2299.6647271162938,0.0,0.2919254658385093,0.024844720496894408,0.6211180124223602,0.0,1,1,0.13999999999999996,-923.7382818439422,1.199840984134425,0.480335579245312,0.11101112187918225,1
7304,60,6998,0.0,21108.227272727272,-8500.0,1.0,-10886.0,0.0,0.0,0.6111111111111112,0.1111111111111111,0.5555555555555556,0.0,2,0,0.14,-5700.164835164835,7.721258398908169,0.24778484328855863,-0.20362790729324023,1
6362,12,3159,0.0,9919.53870967742,-14.6,0.0,0.0,0.0,0.0,0.40789473684210525,0.02631578947368421,0.7763157894736842,0.0,1,0,0.5700000000000001,-1284.0015166835187,-13.719781665922097,1.834188034188034,0.2253877809433365,1
5880,36,2051,0.0,13746.649999999998,-20100.0,0.0,0.0,0.0,0.0,0.7368421052631579,0.47368421052631576,0.5263157894736842,0.0,1,0,2.0600000000000005,-3989.3617021276596,-12.927455485353248,1.7553469852104664,0.42442710872745004,1
6535,12,3496,0.0,10373.63870967742,-14.6,30.0,-1369.3333333333333,1793.0617877565298,0.0,0.29523809523809524,0.02857142857142857,0.5523809523809524,0.0,1,1,0.78,-901.4581512605042,-3.0519067584251114,1.70497234935164,0.22466151792524788,1
5449,24,4139,0.0,5352.908333333334,-14.6,6.0,-4723.0,0.0,0.0,0.46153846153846156,0.2692307692307692,0.6153846153846154,0.0,1,0,0.6299999999999999,-317.0311688311688,2.2628915105919054,0.46879278408633324,0.1991825722799388,1
6342,36,1671,0.0,18483.85769230769,-14.6,8.0,-2752.5,1206.4172459926835,0.0,0.4642857142857143,0.3392857142857143,0.5178571428571429,0.0,1,1,0.41999999999999993,-4794.420089955022,-26.02116482356352,2.654977059644923,0.42025733093955714,-1
5409,60,3034,0.0,22366.575,-14.6,0.0,0.0,0.0,0.0,0.4067796610169492,0.01694915254237288,0.7796610169491526,0.0,2,0,0.8500000000000001,-2202.396283274736,-6.011435588929041,0.6067210503186113,0.23077345638321248,1
6955,48,5091,0.0,20764.9109375,-100.0,0.0,0.0,0.0,0.0,0.4444444444444444,0.3402777777777778,0.6597222222222222,0.0,1,1,-0.020000000000000462,-1504.0767903364972,-5.285833419455458,0.5870379918810973,0.13754665095266155,1
6985,36,3161,0.0,9973.764000000001,-100.0,16.0,-3143.5,1883.3027018157934,0.0,0.3472222222222222,0.027777777777777776,0.5833333333333334,0.0,2,1,0.3599999999999999,-1272.0926966292134,-6.210046680812366,0.5098782031002848,0.2609142676368238,1
5125,48,1522,0.0,3179.5086956521736,-14.6,10.0,-1897.0,269.8476936677016,0.0,0.45098039215686275,0.27450980392156865,0.5294117647058824,0.0,2,1,2.0600000000000005,-190.57758620689657,1.5361960892041053,0.4593106657906264,0.5719448094612353,1
5805,24,5746,0.0,6195.533333333334,-3500.0,0.0,0.0,0.0,0.0,0.75,0.5,0.5,0.0,1,1,0.13999999999999996,-1596.8992248062016,-0.8369985450010391,0.31369430908458057,0.13954635108481264,-1
6185,24,1299,0.0,10761.475,-14.6,2.0,-4278.0,4051.7218561989175,0.0,0.5217391304347826,0.30434782608695654,0.6086956521739131,0.0,1,1,0.14,-1237.3715186547558,3.4695471580488726,2.109622786759046,0.804529124967924,1
7243,36,6032,0.0,18197.285714285714,-14.6,6.0,-8436.0,0.0,0.0,0.3684210526315789,0.017543859649122806,0.7017543859649122,0.0,1,1,0.9900000000000002,-1734.2265372168283,0.44663426411258295,0.5055182544945476,0.12425397877984085,1
6403,48,4060,0.0,12922.227027027026,-14.6,14.0,-4585.0,0.0,0.0,0.3274336283185841,0.008849557522123894,0.7079646017699115,0.0,1,1,0.6900000000000004,-1045.7077464788733,-7.104426693358092,0.3650389983579639,0.21906814449917897,1
6578,12,2332,0.0,9539.813333333334,-30.0,10.0,-8217.0,0.0,0.0,0.39473684210526316,0.18421052631578946,0.6842105263157895,0.0,1,1,0.9700000000000002,-1033.4731370703946,-11.965952798734182,2.942838765008576,0.2988493424814179,1
5413,24,3874,0.0,13338.338,-30.0,11.0,-13386.0,0.0,0.0,0.45871559633027525,0.3119266055045872,0.5871559633027523,0.0,2,0,0.6800000000000002,-1260.5516056878096,-14.203974183039804,1.3158460247805885,0.19209258303218033,1
6949,24,4363,0.0,13282.386,-30.0,11.0,-13386.0,0.0,0.0,0.46296296296296297,0.3148148148148148,0.5833333333333334,0.0,2,0,0.6800000000000002,-1281.7117750439368,-14.81847346024636,1.143634922453969,0.1705630682252273,1
6545,60,3198,0.0,16177.397142857144,-14.6,16.0,-5062.0,820.0396738369838,0.0,0.40229885057471265,0.2988505747126437,0.5172413793103449,0.0,1,1,0.5599999999999998,-2470.1433823529414,-8.19670851117248,0.6698947258703356,0.23723160308526162,1
6178,48,4845,0.0,14073.042857142858,-100.0,0.0,0.0,0.0,0.0,0.5185185185185185,0.3333333333333333,0.6666666666666666,0.0,1,0,0.6900000000000004,-3995.8619733924616,-8.737190215387534,0.44145983832129343,0.18357413140694873,1
5160,60,3400,0.0,10772.44,-14.6,8.0,-7085.0,0.0,0.0,0.38461538461538464,0.03076923076923077,0.6615384615384615,0.0,1,1,0.6100000000000003,-1186.2196130556788,-5.291212318397063,0.33418039215686274,0.20563725490196078,1
6785,60,2089,0.0,10958.024561403508,-30.0,13.0,-3713.0,0.0,0.0,0.44881889763779526,0.2283464566929134,0.6692913385826772,0.0,1,1,0.14,-1525.745544185416,-12.678865870031188,0.8850598372426998,0.5002792404659326,1
6540,48,6450,0.0,21228.227272727272,-30.0,0.0,0.0,0.0,0.0,0.39285714285714285,0.017857142857142856,0.7857142857142857,0.0,1,1,0.9900000000000002,-2268.152576937338,-6.780977477979779,0.3629299095607235,0.1162015503875969,1
6589,24,7904,0.0,18658.64,-30.0,23.0,-1358.7826086956522,799.3624139116772,0.0,0.33707865168539325,0.23595505617977527,0.5056179775280899,0.0,2,1,0.8500000000000001,-2169.4328517924023,-0.9273683136668133,0.6609886344466936,0.08858383940620783,1
5900,48,2820,0.0,18854.3875,-14.6,0.0,0.0,0.0,0.0,0.4155844155844156,0.2727272727272727,0.7272727272727273,0.0,1,1,0.6200000000000001,-2018.910877819969,-8.170661959137592,1.0821476063829787,0.2419326241134752,1
5999,48,2059,0.0,8028.005999999999,-14.6,55.0,-1811.1454545454546,1545.5707134592808,0.0,0.2824858757062147,0.15254237288135594,0.536723163841808,0.0,1,0,0.5299999999999998,-127.01276133586752,7.269399051513409,0.6384106362311802,0.3394851869839728,1
6043,48,424,0.0,4421.572727272727,-14.6,5.0,-4208.0,0.0,0.0,0.4583333333333333,0.2708333333333333,0.625,0.0,2,0,0.5700000000000003,-309.83827126936666,2.0538061458924766,2.1829746462264152,1.7211084905660377,1
5482,60,2752,0.0,3959.488,-14.6,15.0,-4982.0,0.0,0.0,0.43103448275862066,0.2672413793103448,0.603448275862069,0.0,2,0,0.4600000000000004,-132.52836182120706,1.8328108907834932,0.22981044089147287,0.2586300872093023,1
7263,24,3745,0.0,16579.96153846154,-30.0,0.0,0.0,0.0,0.0,0.4482758620689655,0.27586206896551724,0.7241379310344828,0.0,1,1,1.12,-2148.457792207792,6.545596783093099,1.2906564307966177,0.22645749888740543,1
6013,36,3583,1.0,8997.414285714285,-0.1,0.0,0.0,0.0,0.0,0.4268292682926829,0.21951219512195122,0.7804878048780488,0.0,1,1,0.9900000000000002,-1421.620318429302,62.05052115197662,0.6062029025955903,-0.07823305268707167,-1
5750,12,5271,0.0,16674.810416666667,-14.6,36.0,-2550.5,1934.5580890735746,0.0,0.2926829268292683,0.018292682926829267,0.6219512195121951,0.0,1,0,0.6100000000000003,-820.2894758597885,-2.0560570676523295,1.3650667172579523,0.15683298551824448,1
6027,24,2569,0.0,13988.388888888889,-13800.0,0.0,0.0,0.0,0.0,0.75,0.5,0.5,0.0,1,0,0.48999999999999977,-3964.0718562874254,-11.274637512599831,1.447659595173219,0.27890229661346827,-1
6303,24,3017,0.0,12129.322222222221,-8700.0,0.0,0.0,0.0,0.0,0.6923076923076923,0.38461538461538464,0.6153846153846154,0.0,1,0,0.6800000000000002,-4333.333333333333,-8.157685703620755,1.1548378632195337,0.24665782786432436,-1
7213,36,3154,0.0,9068.926923076924,-14.6,14.0,-2867.0,1599.1712757646594,0.0,0.36619718309859156,0.056338028169014086,0.5915492957746479,0.0,1,1,-0.020000000000000462,-1263.0005846433676,-8.572481333334185,0.5993103994927077,0.22201965757767914,1
6659,60,935,0.0,4958.146428571429,-14.6,9.0,-6216.0,0.0,0.0,0.4117647058823529,0.23529411764705882,0.6323529411764706,0.0,1,1,0.3599999999999999,-228.55703703703705,2.270538258346686,0.8083083778966131,0.8820855614973262,1
6175,60,4845,1.0,17131.333333333332,-9.9,0.0,0.0,0.0,0.0,0.42,0.31,0.69,0.0,1,0,0.9700000000000002,-1553.6750883045527,4.532659617573371,0.4459109047127623,-0.1852109183126535,-1
5610,48,2567,0.0,16989.977083333335,-14.6,22.0,-1526.0,59.364892623422435,0.0,0.375,0.234375,0.59375,0.0,2,0,1.1500000000000004,-1086.6432004332228,-4.45766973532796,1.1235042526944554,0.2910336319958447,1
5563,60,6336,0.0,18684.478723404256,-14.6,0.0,0.0,0.0,0.0,0.43119266055045874,0.29357798165137616,0.7064220183486238,0.0,1,1,0.6900000000000004,-1156.1008576022869,-4.079379175474429,0.38766598274410774,0.1403751052188552,1
5989,36,5925,0.0,4581.6407407407405,-14.6,5.0,-4794.0,0.0,0.0,0.4576271186440678,0.288135593220339,0.6271186440677966,0.0,1,1,0.30000000000000004,-277.159509202454,1.9750564991495998,0.19898593530239098,0.13414908579465543,1
6698,48,5161,0.0,14307.730434782608,-30.0,6.0,-3321.5,857.185802495585,0.0,0.46,0.22,0.66,0.0,1,1,0.14,-2756.966511627907,-5.215401864493159,0.43753673383711167,0.20249628624943486,1
5312,36,5633,0.0,26091.911538461536,-30.0,9.0,-11994.0,0.0,0.0,0.3291139240506329,0.012658227848101266,0.7088607594936709,0.0,1,0,0.6800000000000002,-1837.7953958186517,3.204055004346155,0.6897888435213129,0.1321084087815847,1
7189,48,3222,0.0,9834.021875,-14.6,10.0,-3867.0,0.0,0.0,0.3595505617977528,0.033707865168539325,0.6853932584269663,0.0,1,1,-0.35999999999999943,-808.6422575014545,-3.3234813853726837,0.3994801365611422,0.2244465135526588,1
6816,48,2088,0.0,4005.8066666666664,-6600.0,0.0,0.0,0.0,0.0,0.8333333333333334,0.1111111111111111,0.6666666666666666,0.0,1,0,1.12,-2295.9999999999995,-6.556973567849071,0.4638320162835249,0.4061701787994892,-1
6137,12,3719,0.0,25106.972093023258,-30.0,16.0,-11878.0,0.0,0.0,0.2945205479452055,0.0136986301369863,0.7328767123287672,0.0,1,1,0.48999999999999977,-989.6264427396503,5.759792752187957,2.5250851483373666,0.1926593170207045,1
5128,48,4492,1.0,5505.576666666666,-6.8,0.0,0.0,0.0,0.0,0.4918032786885246,0.22950819672131148,0.7704918032786885,0.0,1,1,1.122145647129713,-499.9252634940913,-5.379128340024913,0.23247254378153756,-0.015924997266094892,-1
5470,48,4187,0.0,12752.429411764706,-14.6,3.0,-9554.0,0.0,0.0,0.4857142857142857,0.05714285714285714,0.6285714285714286,0.0,1,1,-0.020000000000000462,-2467.5568090249794,-7.512653044080895,0.4157386951675822,0.16724385001194172,1
5593,36,7719,0.0,13759.673913043478,-14.6,0.0,0.0,0.0,0.0,0.39316239316239315,0.23931623931623933,0.7606837606837606,0.0,1,0,0.9699999999999998,-717.599876314162,-4.095299098347948,0.4656410588590923,0.08910912467072592,-1
5350,48,5194,0.0,10919.69,-30.0,6.0,-14164.0,0.0,0.0,0.5,0.2833333333333333,0.6166666666666667,0.0,1,1,0.44999999999999973,-628.554272517321,2.055314730694355,0.3553675715569246,0.17306828391734053,1
6063,48,6687,0.0,17416.52608695652,-14.6,0.0,0.0,0.0,0.0,0.46,0.06,0.78,0.0,1,1,0.14,-3467.309760956175,-11.093181321786282,0.4074292158915308,0.15628582822391704,-1
6501,12,2523,0.0,4202.679310344827,-14.6,0.0,0.0,0.0,0.0,0.6304347826086957,0.09782608695652174,0.7608695652173914,0.0,1,0,0.5599999999999998,-1554.715206185567,-20.964372613780984,1.9362333201215485,0.3007002246003435,-1
5452,60,824,0.0,10568.796774193548,-4.0,32.0,-1931.40625,2683.6751625381553,0.0,0.2818181818181818,0.15454545454545454,0.5545454545454546,0.0,1,0,1.12,-231.29446748144915,8.24381528208368,1.5052548543689321,1.0292273462783172,1
4961,12,2523,0.0,5264.765217391305,-14.6,0.0,0.0,0.0,0.0,0.575,0.1625,0.675,0.0,1,0,0.5599999999999998,-1572.8369845360826,-19.873365267058915,1.9209109525696921,0.3007002246003435,-1
4973,24,6915,0.0,21979.508108108108,-14.6,28.0,-3419.0,3028.5733592885927,0.0,0.296,0.008,0.624,0.0,1,0,0.41999999999999993,-999.4094728800612,4.685725831614047,0.6451530489274524,0.10155459146782357,1
6190,60,2060,0.0,11561.24,-14.6,0.0,0.0,0.0,0.0,0.40816326530612246,0.20408163265306123,0.7959183673469388,0.0,2,1,1.12,-2912.2023943135055,-20.363050451453713,0.8515833333333334,0.4116909385113269,1
6715,60,3677,0.0,7748.148148148148,-14.6,24.0,-4659.5,1177.2877820393492,0.0,0.421875,0.0234375,0.65625,0.0,1,0,0.9900000000000002,-522.3254542108168,-1.8573589422904497,0.3185237059196809,0.19370410660864834,1
5892,24,2770,0.0,12213.028571428571,-7600.0,0.0,0.0,0.0,0.0,0.7,0.4,0.6,0.0,1,1,0.41000000000000014,-3640.2877697841727,-6.385051125412435,1.166531287605295,0.2631167268351384,-1
6550,48,6679,0.0,21503.09,-14.6,0.0,0.0,0.0,1.0,0.3409090909090909,0.011363636363636364,0.8068181818181818,0.0,2,0,0.5700000000000001,-1346.999634262307,0.8772411080537107,0.3675319409093178,0.10660278484803114,1
5706,36,4486,0.0,8837.951923076924,-30.0,19.0,-3124.0,0.0,0.0,0.4,0.24615384615384617,0.6076923076923076,0.0,1,1,0.9900000000000002,-1087.4097946287518,-18.821073707257828,0.7050669985634319,0.16707534551939368,1
5148,60,4738,0.0,20623.949999999997,-14.6,0.0,0.0,0.0,0.0,0.3829787234042553,0.010638297872340425,0.7978723404255319,0.0,2,0,0.9299999999999997,-1117.5800158447219,-0.36376784948213914,0.3846978331222738,0.15943787814830448,1
6734,36,4806,0.0,14459.529787234043,-30.0,0.0,0.0,0.0,0.0,0.5,0.30851063829787234,0.6914893617021277,0.0,1,0,0.29000000000000004,-1923.581311769991,-7.08463767151163,0.7162817311693715,0.17417464280760162,1
6109,60,6148,0.0,19070.65344827586,-14.6,48.0,-1529.0,617.5658462610162,0.0,0.31868131868131866,0.2087912087912088,0.5274725274725275,0.0,2,1,0.6100000000000003,-1101.6108772583348,-3.657463070213427,0.40951610279765777,0.11537627412708741,1
6961,36,4893,0.0,15688.077777777778,-5600.0,0.0,0.0,0.0,0.0,0.6923076923076923,0.07692307692307693,0.6153846153846154,0.0,1,0,1.1500000000000004,-4866.666666666667,-8.314898680052053,0.4756420737107432,0.1526841065467675,1
6810,48,3883,0.0,13975.69512195122,-30.0,19.0,-4541.0,0.0,0.0,0.43157894736842106,0.21052631578947367,0.6894736842105263,0.0,1,1,0.5800000000000001,-1309.2046511627907,-18.25334963363587,0.6951095587604086,0.19995278564683663,1
5494,48,7500,0.0,18340.457894736843,-0.3,0.0,0.0,0.0,0.0,0.41911764705882354,0.029411764705882353,0.8308823529411765,0.0,1,0,0.71,-1403.3025622013513,34.92553085961077,0.3502,-0.03417880116959063,1
5311,60,501,0.0,10581.039999999999,-14.6,68.0,-1708.75,1815.17688275045,8.0,0.24193548387096775,0.12903225806451613,0.46236559139784944,0.0,1,1,0.3899999999999997,-139.75984573651013,10.539797087527665,2.3081470392548233,1.4294743845642048,1
5445,24,1930,0.0,15197.84375,-14.6,64.0,-1670.0,1037.7369761871416,0.0,0.2696629213483146,0.17415730337078653,0.46629213483146065,0.0,1,1,1.8600000000000003,-852.7024664196387,-0.36461018873215395,2.5883527633851466,0.3758635578583765,1
5301,36,3943,0.0,9777.114285714286,-200.0,0.0,0.0,0.0,0.0,0.7,0.4,0.6,0.0,1,0,0.6299999999999999,-1859.6491228070176,3.2877157008563054,0.445677994758644,0.20908360808183277,1
7034,36,529,0.0,8717.206896551725,-14.6,0.0,0.0,0.0,0.0,0.42028985507246375,0.2318840579710145,0.7681159420289855,0.0,1,0,0.6199999999999999,-370.66719512195124,4.873435964700334,3.4121560596513336,1.416351606805293,1
6751,36,2381,0.0,5781.133333333333,-7600.0,0.0,0.0,0.0,0.0,0.7894736842105263,0.10526315789473684,0.631578947368421,0.0,2,1,0.2400000000000002,-2460.7843137254904,-10.010648262262757,0.6157858509496477,0.2839843203135937,1
6667,24,6495,0.0,17472.988235294117,-14.6,16.0,-8305.0,0.0,0.0,0.3591549295774648,0.2323943661971831,0.6549295774647887,0.0,2,0,0.9299999999999997,-857.1481495404394,-1.113836372712551,1.0562522453169105,0.11630741596099563,1
6130,48,680,0.0,4044.684615384616,-14.6,22.0,-1881.0,1262.015734563446,0.0,0.3644859813084112,0.22429906542056074,0.5700934579439252,0.0,1,1,0.78,-127.17470100073224,2.548215706278431,1.3237132352941177,1.1550245098039216,1
5429,36,561,0.0,12967.817647058822,-14.6,13.0,-5742.0,0.0,0.0,0.3541666666666667,0.1875,0.6770833333333334,0.0,1,1,0.14,-347.14846111145374,6.617522821161769,3.820499108734403,1.8628936423054068,1
5725,48,9268,0.0,8397.544444444446,-14.6,12.0,-4508.5,667.9359659020124,0.0,0.421875,0.265625,0.546875,0.0,2,1,0.71,-437.29319990544485,4.236690181453275,0.14139939397209034,0.0865343116098403,1
6019,12,950,0.0,3711.3310344827587,-14.6,23.0,-1626.3478260869565,611.3685548680296,0.0,0.37662337662337664,0.23376623376623376,0.4675324675324675,0.0,1,0,0.3599999999999999,-139.7202380952381,2.483977206607366,3.4661491228070176,0.8681578947368421,1
6421,36,2688,0.0,16277.060714285715,-14.6,7.0,-13167.0,0.0,0.0,0.42424242424242425,0.25757575757575757,0.6363636363636364,0.0,2,0,1.1500000000000004,-1432.2142857142858,-1.4730252569516353,1.2176638971560847,0.27793278769841273,1
6992,48,2791,0.0,17825.64347826087,-14.6,24.0,-4230.333333333333,3650.521471583581,0.0,0.2911392405063291,0.189873417721519,0.5063291139240507,0.0,2,1,0.9700000000000002,-2194.1316204642776,-1.812701116506056,0.876765346948525,0.24970142123492176,1
5136,24,7796,0.0,18044.1875,-14.6,0.0,0.0,0.0,0.0,0.64,0.48,0.52,0.0,1,0,0.9900000000000002,-4771.375886524823,-5.845602623971537,0.733247284932444,0.0961390456644433,1
5337,36,4513,0.0,15043.88,-1100.0,0.0,0.0,0.0,0.0,0.6666666666666666,0.06666666666666667,0.6,0.0,2,0,0.4200000000000004,-3072.972972972973,-0.15028472821397862,0.5161804170667454,0.17120909963808256,1
5495,60,1489,0.0,6166.780000000001,-14.6,5.0,-5016.0,0.0,0.0,0.45454545454545453,0.25,0.6363636363636364,0.0,2,0,1.0300000000000002,-383.0196629213483,3.9207274019665928,0.6046574882471457,0.47240877546451754,1
7013,60,1489,0.0,6167.025,-14.6,5.0,-5016.0,0.0,0.0,0.45454545454545453,0.25,0.6363636363636364,0.0,2,0,1.0300000000000002,-379.7425093632959,3.962539983414287,0.6114629505260801,0.47240877546451754,1
6012,36,7179,0.0,8032.675,-5200.0,0.0,0.0,0.0,0.0,0.75,0.4375,0.5625,0.0,1,1,0.14,-1554.878048780488,-2.480495973207878,0.23908622370803734,0.14557505687885963,1
6471,24,6485,0.0,12015.777777777777,-14.6,36.0,-1570.0,1243.8820109410929,0.0,0.2571428571428571,0.13333333333333333,0.5238095238095238,0.0,1,0,0.5799999999999996,-265.0591859596714,10.799138227912268,0.4679960164482138,0.11959650475456182,1
6296,48,5633,0.0,17764.690625,-14.6,10.0,-13076.0,0.0,0.0,0.367816091954023,0.034482758620689655,0.6781609195402298,0.0,1,1,0.26,-1405.8068649885583,-3.6256962694877513,0.33764719805905674,0.13284809752056334,1
7305,12,4502,0.0,14509.60888888889,-14.6,34.0,-2386.0,2164.061949485763,2.0,0.30612244897959184,0.006802721088435374,0.5986394557823129,0.0,1,1,0.9800000000000004,-789.2408360836083,19.652420609824734,1.512398193395528,-0.04742953748951085,1
6144,12,3698,0.0,18505.683333333334,-14.6,4.0,-6049.0,0.0,0.0,0.46153846153846156,0.3333333333333333,0.5641025641025641,0.0,1,1,0.4700000000000002,-4894.973323170731,-10.949922609176339,2.7963313502794303,0.20382639264467278,1
6283,48,1784,0.0,18351.10263157895,-14.6,0.0,0.0,0.0,0.0,0.4470588235294118,0.27058823529411763,0.7294117647058823,0.0,1,0,0.71,-1112.8780144340785,0.032059011510129055,1.827635696935725,0.4495515695067265,1
7246,60,2482,0.0,8064.7875,-30.0,3.0,-11506.0,0.0,0.0,0.5161290322580645,0.0967741935483871,0.5806451612903226,0.0,1,1,0.22999999999999998,-4369.914712153518,-30.14728716924951,0.42499261348374967,0.28350792371743216,1
5088,24,3798,0.0,12375.087096774194,-14.6,0.0,0.0,0.0,1.0,0.4025974025974026,0.025974025974025976,0.7662337662337663,0.0,1,1,0.4200000000000004,-1152.7216804201048,-7.107979658849138,0.7934845093909074,0.20344040723187642,1
5988,24,5902,0.0,13177.707692307693,-1800.0,0.0,0.0,0.0,0.0,0.7222222222222222,0.4444444444444444,0.5555555555555556,0.0,2,1,0.9700000000000002,-2478.0,-4.795827776193673,0.870538941601717,0.11808144131932677,1
5282,48,8094,1.0,8491.0,-2.4,0.0,0.0,0.0,0.0,0.45,0.2916666666666667,0.7083333333333334,0.0,1,0,1.122145647129713,-671.3213008433863,19.41165222648786,0.218123249732312,-0.040025692654955064,-1
5938,60,6700,0.0,3118.0344827586205,-14.6,11.0,-1794.3636363636363,1187.5577689297706,0.0,0.5370370370370371,0.37037037037037035,0.42592592592592593,0.0,1,1,0.41000000000000014,-278.8228571428571,0.23425959121331355,0.08868358208955225,0.12130597014925373,1
5606,36,7042,0.0,12261.32142857143,-30.0,0.0,0.0,0.0,0.0,0.4827586206896552,0.27586206896551724,0.7241379310344828,0.0,1,0,0.22999999999999998,-4068.039003250271,-23.621632630751535,0.43802344662185616,0.09992426394016851,-1
5385,36,1985,0.0,11367.79375,-14.6,3.0,-7264.0,0.0,0.0,0.5161290322580645,0.2903225806451613,0.6129032258064516,0.0,2,0,0.14,-1101.965,2.441981101985489,1.0691729638958858,0.5264903442485306,1
6865,12,2454,0.0,7487.844444444445,-9700.0,0.0,0.0,0.0,0.0,0.8181818181818182,0.09090909090909091,0.5454545454545454,0.0,1,1,0.9900000000000002,-2974.7899159663866,-5.753376324957379,1.4870483564248844,0.30541972290138547,-1
5586,36,1354,0.0,10108.300000000001,-13000.0,0.0,0.0,0.0,0.0,0.7857142857142857,0.5,0.5,0.0,1,0,1.5499999999999998,-3604.4776119402986,-8.070535413626668,1.290236747086821,0.548313638601674,1
6302,60,3017,0.0,9716.021621621621,-14.6,0.0,0.0,0.0,0.0,0.3978494623655914,0.021505376344086023,0.7849462365591398,0.0,2,0,0.6599999999999999,-682.9029571901356,-3.743879945391437,0.3340807645564026,0.2502485913158767,1
7194,36,1912,0.0,9718.266666666666,-14.6,6.0,-5435.0,0.0,0.0,0.4528301886792453,0.2641509433962264,0.6226415094339622,0.0,1,1,0.14,-569.5849529780564,3.303882163056897,0.8998663412366341,0.5465917015341701,1
6461,36,2059,0.0,14442.828205128206,-30.0,33.0,-1287.3333333333333,715.4692370512282,0.0,0.319672131147541,0.19672131147540983,0.5327868852459017,0.0,1,0,0.47999999999999954,-367.3300384904457,10.919225761590148,2.155386919216448,0.3542982030111705,1
6732,48,3626,0.0,12971.792105263157,-14.6,0.0,0.0,0.0,0.0,0.5507246376811594,0.3188405797101449,0.6811594202898551,0.0,1,0,0.30000000000000004,-1230.8207573632537,-1.4879177241529817,0.7300721640007355,0.21920389777532637,1
6613,24,3505,0.0,14356.908333333333,-30.0,0.0,0.0,0.0,0.0,0.631578947368421,0.47368421052631576,0.5263157894736842,0.0,1,0,1.122145647129713,-4421.632653061225,-1.642685847127302,1.0647990965287684,0.19431764146457442,1
7036,36,5415,0.0,15618.807894736841,-14.6,0.0,0.0,0.0,0.0,0.4175824175824176,0.25274725274725274,0.7472527472527473,0.0,1,1,0.18999999999999995,-2168.6134122287967,-19.379155452016374,0.7087955268287679,0.17354570637119113,1
5897,24,633,0.0,7555.3234042553195,-14.6,54.0,-2403.3333333333335,1065.1087640449134,0.0,0.2781065088757396,0.15384615384615385,0.5266272189349113,0.0,1,0,0.6199999999999999,-121.24501615412231,6.388916296833981,3.1698986308583463,1.183649289099526,1
6995,12,8014,0.0,7330.079761904762,-30.0,0.0,0.0,0.0,0.0,0.5637583892617449,0.18120805369127516,0.8187919463087249,0.0,1,0,0.71,-1114.3741745542593,-19.391192795855396,1.4350937941934947,0.10007486897928625,1
5415,36,3874,0.0,7729.642105263159,-400.0,0.0,0.0,0.0,0.0,0.6129032258064516,0.22580645161290322,0.7741935483870968,0.0,1,1,0.41000000000000014,-664.1414141414141,-1.4228555610384277,0.4665203923593186,0.1881345723627603,-1
7136,36,1511,0.0,4458.814285714286,-14.6,0.0,0.0,0.0,0.0,0.6086956521739131,0.391304347826087,0.6086956521739131,0.0,1,1,1.0300000000000002,-457.4973821989529,2.1979589418992336,0.7777924847415252,0.46553055371718505,1
7271,60,6541,0.0,20602.67391304348,-14.6,18.0,-9810.0,0.0,0.0,0.32167832167832167,0.013986013986013986,0.7062937062937062,0.0,2,0,0.47999999999999954,-973.365580584607,-1.9128008336787397,0.29535086378229625,0.1115272894052897,1
5375,12,8460,0.0,6132.844444444444,-14.6,4.0,-3468.0,0.0,0.0,0.47368421052631576,0.2631578947368421,0.631578947368421,0.0,1,0,0.14,-573.4922448979592,1.386802753634745,0.4257161150512214,0.12353230890464932,1
5635,36,2144,0.0,15884.205555555556,-14.6,0.0,0.0,0.0,0.0,0.4675324675324675,0.2597402597402597,0.7402597402597403,0.0,1,0,0.14,-1416.8806551214927,-10.69600346760063,1.851651896766169,0.4874455845771144,1
6817,48,1472,0.0,5128.586206896552,-14.6,4.0,-6270.0,0.0,0.0,0.5471698113207547,0.20754716981132076,0.7169811320754716,0.0,1,1,0.14,-578.0815018315019,-0.1262630984165046,0.7832767210144927,0.7099750905797101,1
5923,48,1347,0.0,6738.766666666666,-4600.0,0.0,0.0,0.0,0.0,0.75,0.5,0.5,0.0,2,1,0.64,-1282.2580645161288,2.0167270178717436,0.6921090076713685,0.5296337540212819,1
5329,60,6602,0.0,21574.036111111112,-30.0,0.0,0.0,0.0,0.0,0.37894736842105264,0.010526315789473684,0.8,0.0,1,0,0.8500000000000001,-1346.326758147513,-4.4398302141299055,0.26471549025547814,0.10605372109461779,1
6644,24,3900,0.0,10912.823809523808,-14.6,15.0,-1638.3333333333333,1182.087842195607,0.0,0.38181818181818183,0.2,0.5272727272727272,0.0,1,1,0.5800000000000001,-581.3600076394193,6.667078635027445,1.026798076923077,0.19014957264957266,1
6354,36,638,0.0,4243.1,-3600.0,0.0,0.0,0.0,0.0,0.9090909090909091,0.6363636363636364,0.36363636363636365,0.0,1,0,0.41999999999999993,-900.0,0.9157707369170528,1.6906565656565657,1.100705329153605,1
5082,60,4383,0.0,10113.641666666666,-14.6,0.0,0.0,0.0,0.0,0.42857142857142855,0.23214285714285715,0.7678571428571429,0.0,1,0,0.48999999999999977,-423.3892276422764,6.84710979297511,0.2987843181991026,0.16347250741501254,1
6585,60,6202,0.0,18717.614084507044,-14.6,0.0,0.0,0.0,0.0,0.4127906976744186,0.29069767441860467,0.7093023255813954,0.0,2,1,0.71,-1130.1386306001689,-7.803553181741511,0.34530635278942273,0.1293131247984521,1
6921,12,7182,0.0,23035.90625,-14.6,6.0,-1621.5,1659.051626683148,0.0,0.38095238095238093,0.023809523809523808,0.6428571428571429,0.0,1,0,1.12,-3962.973532796317,-9.75326873431177,1.486888517590272,0.11808456326000186,1
5366,12,7182,0.0,23036.1125,-14.6,6.0,-1621.5,1659.051626683148,0.0,0.38095238095238093,0.023809523809523808,0.6428571428571429,0.0,1,0,1.12,-3983.1116225546602,-9.940614308556727,1.486888517590272,0.11808456326000186,1
5886,36,5354,0.0,16504.253846153846,-14.6,0.0,0.0,0.0,0.0,0.5,0.34615384615384615,0.6538461538461539,0.0,2,1,0.5700000000000001,-8050.24087591241,-28.452967444540477,0.6681338978126427,0.13298468434815092,1
5741,24,2856,0.0,14909.758823529412,-30.0,15.0,-1594.4,1238.5405466573493,0.0,0.3148148148148148,0.018518518518518517,0.5555555555555556,0.0,2,1,0.9299999999999997,-2100.421511627907,-4.1750021089516896,1.3744120564892623,0.2645016339869281,1
4996,12,7370,0.0,16852.55,-100.0,0.0,0.0,0.0,0.0,0.5161290322580645,0.3225806451612903,0.6774193548387096,0.0,2,0,0.5800000000000001,-4669.537110933758,-14.179269844677167,1.1673337856173678,0.10534825870646766,1
6015,24,4588,0.0,20541.95945945946,-14.6,6.0,-9292.0,0.0,0.0,0.45121951219512196,0.32926829268292684,0.5975609756097561,0.0,1,1,1.0300000000000002,-2749.4771618625277,-14.129547554895646,1.2320010534728276,0.14966579482708514,1
6309,24,4589,0.0,13368.28275862069,-14.6,6.0,-4891.0,0.0,0.0,0.4603174603174603,0.2698412698412698,0.6349206349206349,0.0,1,0,0.14,-553.5585576002553,3.02784787196171,1.276084114186097,0.22773661654681482,1
6073,60,4605,0.0,3480.195555555555,-14.6,11.0,-3950.0,0.0,0.0,0.4891304347826087,0.32608695652173914,0.5543478260869565,0.0,1,1,0.71,-169.11695574293327,0.9162888287555336,0.1475027144408252,0.1741585233441911,1
6006,60,5996,0.0,8558.235999999999,-14.6,4.0,-4710.0,0.0,0.0,0.5208333333333334,0.3541666666666667,0.5625,0.0,1,1,0.78,-1958.3379904306219,-28.582003838919704,0.355257949744274,0.13099010451412052,1
5611,60,5353,0.0,16276.9,-14.6,4.0,-14723.0,0.0,0.0,0.4473684210526316,0.05263157894736842,0.631578947368421,0.0,2,1,0.29000000000000004,-2714.3333333333335,-5.739479011116643,0.2810178093281026,0.15637648670527432,1
6944,48,962,0.0,8385.281818181818,-700.0,1.0,-9613.0,0.0,0.0,0.6470588235294118,0.4117647058823529,0.5294117647058824,0.0,1,1,0.5700000000000001,-1661.8944099378884,-0.7493701055498814,1.1847085065835066,0.7401247401247402,1
7101,48,8771,0.0,10392.413636363637,-14.6,6.0,-9902.0,0.0,0.0,0.44,0.26,0.62,0.0,1,1,0.29000000000000004,-695.952772556391,3.9901549520663515,0.17180291110857748,0.09543761638733707,1
6599,12,6010,0.0,19563.4225,-14.6,0.0,0.0,0.0,0.0,0.39215686274509803,0.00980392156862745,0.7941176470588235,0.0,2,0,0.9700000000000002,-1427.675212718316,-13.992359489871232,1.5160690515806987,0.11595951192457016,1
6940,36,6341,0.0,7594.046153846154,-14.6,0.0,0.0,0.0,0.0,0.65,0.4,0.6,0.0,2,1,0.14,-1162.1669535283993,1.1132021475056328,0.2638761849690725,0.16481364663827996,1
5209,48,3805,0.0,11558.89411764706,-14.6,7.0,-5779.857142857143,5349.501018119086,0.0,0.425,0.05,0.575,0.0,1,0,0.5700000000000001,-930.3061444484368,5.694416506221446,0.3526708278580815,0.1871222076215506,1
5388,12,5130,0.0,16171.554545454546,-30.0,20.0,-4880.9,4087.0110285352084,0.0,0.30985915492957744,0.014084507042253521,0.5492957746478874,0.0,1,1,0.6800000000000002,-1846.2254601226991,-5.228347755268246,1.1949301494476932,0.14506172839506173,1
6011,48,3736,0.0,11922.27619047619,-14.6,6.0,-4930.0,0.0,0.0,0.40384615384615385,0.23076923076923078,0.6538461538461539,0.0,1,1,0.3599999999999999,-666.8177574940358,6.074081565469962,0.4551140926124197,0.22075749464668093,1
5591,48,3242,0.0,9343.175,-14.6,0.0,0.0,0.0,0.0,0.5333333333333333,0.06666666666666667,0.7,0.0,1,0,-0.020000000000000018,-1175.2236842105265,0.48772224417226223,0.3994036602920008,0.2602303105079169,1
7154,60,6960,0.0,8001.857142857143,-100.0,0.0,0.0,0.0,4.0,0.6176470588235294,0.23529411764705882,0.6470588235294118,0.0,1,1,0.5500000000000003,-618.7782805429864,-0.5675774528571046,0.20845809386973183,0.1046815134099617,1
7130,24,5142,0.0,7693.968000000001,-100.0,24.0,-3720.5,2406.3676939031716,0.0,0.38461538461538464,0.2,0.4307692307692308,0.0,1,1,2.0600000000000005,-359.359375,3.5544721424468704,0.6938521003500583,0.16929210423959548,1
6818,48,3242,0.0,6448.582857142857,-14.6,36.0,-1709.0,890.4545227819651,0.0,0.4069767441860465,0.1511627906976744,0.6395348837209303,0.0,2,0,0.9900000000000002,-166.30067251213075,3.4931608186970586,0.48384549146617317,0.2311844540407156,1
5625,60,3703,0.0,13417.557142857142,-14.6,0.0,0.0,0.0,0.0,0.4745762711864407,0.2711864406779661,0.7288135593220338,0.0,1,1,0.7800000000000002,-1801.1455497382199,-12.914661798678535,0.5880776847601045,0.19900531100909172,-1
6805,48,938,0.0,8544.93,-14.6,6.0,-3387.5,1458.5851706362573,0.0,0.5128205128205128,0.20512820512820512,0.6410256410256411,0.0,1,0,1.12,-977.7240531234629,1.8518208757621666,1.4138970326936746,0.9041400142146411,1
7233,36,3217,0.0,16554.986274509803,-14.6,0.0,0.0,0.0,0.0,0.4112903225806452,0.25806451612903225,0.7419354838709677,0.0,1,1,0.41999999999999993,-1267.763947163947,-11.628922314257267,1.0320795772458813,0.21829344109418714,1
7308,24,5392,0.0,8811.758620689656,-14.6,40.0,-1323.75,2023.4408844393042,0.0,0.27102803738317754,0.14953271028037382,0.4766355140186916,0.0,1,0,0.7800000000000002,-202.2215034965035,72.31048141711639,0.4331695103857567,0.013445845697329376,1
